Workbook

Sheet AAV10281
A1: 重庆尚上服饰有限公司
A2: 款式工序表
A3: 打印日期：2025-08-23 11:36:43
A4: 生产制单号： | B4: AAV10281
A5: 客 户： | B5: 鹿岛
A6: 客户款号： | B6: AAV10281
A7: 款式描述： | B7: 梭织长裤，斜插袋、贴风琴肶袋、平角袋盖，左右后机头，本布腰、多针包橡筋，穿腰绳
A8: 品质标准：
A9: 数 量：
A10: 车缝时间： | B10: =SUM(G38:G50,G52:G60,G62:G69,G73:G75,G79:G98) -> 1393.3
A11: 车缝10.5H台产： | B11: =10.5*60*60/B10 -> 27.129836
A12: 裁床10H台产：
A13: 尾部10H台产
A14: 裁床单价：
A15: 车缝单价：
A16: 后道单价：
A17: 总 单 价：
A18: 平均秒值：
A19: 分 析 员： | B19: QLY-钱玲燕
A20: 工序号 | B20: 工序名称 | E20: 机器类型 | F20: 基础时间 | G20: GST时间 | H20: 工序等级 | I20: 小时目标
B21: 1-裁床 | D21: 1-裁床
B22: 松面布 | C22: 1 | D22: 松布机松面布*1.4794 | E22: 松布机 | F22: 7.3 | G22: 8.2 | H22: E2 | I22: 439
A23: 155 | B23: 拉面布 | C23: 2 | D23: 拉布机拉面布*1.4794 | E23: 拉布机 | F23: 19.1 | G23: 21.5 | H23: E3 | I23: 167
A24: 2 | B24: 裁面布 | C24: 3 | D24: 手工裁剪面布*13 | E24: 电剪刀 | F24: 12.2 | G24: 13.7 | H24: D4 | I24: 263
A25: 5 | B25: 面布分包 | C25: 4 | D25: 手工面布分包*13 | E25: 手工 | F25: 15.7 | G25: 17.3 | H25: E2 | I25: 208
A26: 16 | B26: 打编号 | C26: 5 | D26: 手工打编号*13 | E26: 手工 | F26: 15.5 | G26: 17.1 | H26: E2 | I26: 211
A27: 170 | B27: 面布验片 | C27: 6 | D27: 手工面布验片*9 | E27: 手工 | F27: 19.7 | G27: 21.8 | H27: E3 | I27: 165
A28: 6 | B28: 拉袋布 | C28: 7 | D28: 拉布机拉袋布*0.0813 | E28: 拉布机 | F28: 0.9 | G28: 1 | H28: E3 | I28: 3600
A29: 9 | B29: 裁袋布 | C29: 8 | D29: 电脑裁剪袋布*2 | E29: 电脑裁床 | F29: 1 | G29: 1.1 | H29: D4 | I29: 3273
A30: 3 | B30: 袋布分包 | C30: 9 | D30: 手工袋布分包*2（大包） | E30: 手工 | F30: 0.8 | G30: 0.9 | H30: E2 | I30: 4000
A31: 8 | B31: 拉衬布 | C31: 10 | D31: 拉衬布*0.0565 | E31: 拉布机 | F31: 0.6 | G31: 0.7 | H31: E2 | I31: 5143
A32: 4 | B32: 裁剪衬布 | C32: 11 | D32: 裁剪衬布*2 | E32: 电脑裁床 | F32: 0.5 | G32: 0.5 | H32: D4 | I32: 7200
A33: 7 | B33: 衬布分包 | C33: 12 | D33: 衬布分包*2（大包） | E33: 手工 | F33: 0.3 | G33: 0.3 | H33: E1 | I33: 12000
A34: 15 | B34: 中烫烫袋盖衬*2 | C34: 13 | D34: 中烫烫袋盖衬*2 | E34: 中烫（气烫） | F34: 11.1 | G34: 12.5 | H34: E2 | I34: 288
A35: 10 | B35: 切脚口车侧缝挂耳捆条 | C35: 14 | D35: 切脚口车侧缝挂耳捆条*0.005 | E35: 切捆条机 | F35: 0.4 | G35: 0.4 | H35: E3 | I35: 9000
A36: 11 | B36: 下裁片
B37: 2-腰头 | D37: 2-腰头
A38: 14 | B38: 缩水腰头橡筋、脚口橡筋绳/米 | C38: 15 | D38: 缩水腰头橡筋、脚口橡筋绳/米 | E38: 蒸箱 | F38: 1.4 | G38: 1.4 | H38: E1 | I38: 2571
A39: 21 | B39: 量剪腰宽橡筋 | C39: 16 | D39: 量剪腰宽橡筋*1 | E39: 手工 | F39: 3.6 | G39: 4 | H39: E1 | I39: 900
A40: 22 | B40: 拼接腰头橡筋 | C40: 17 | D40: 拼接腰头橡筋*1 | E40: 电脑平车 | F40: 7 | G40: 7.8 | H40: D4 | I40: 462
A41: 23 | B41: 量剪热切脚口橡筋绳及回 | C41: 18 | D41: 量剪热切脚口橡筋绳及回*2（熏两端 车台定位） | E41: 手工 | F41: 10.3 | G41: 11.3 | H41: E1 | I41: 319
A42: 24 | B42: 平车带筒拉脚口挂耳 | C42: 19 | D42: 平车带筒拉脚口挂耳*1 | E42: 电脑平车 | F42: 2 | G42: 2.3 | H42: D2 | I42: 1565
A43: 26 | B43: 手工量剪脚口挂耳 | C43: 20 | D43: 手工量剪脚口挂耳*2（短） | E43: 手工 | F43: 2.9 | G43: 3.2 | H43: E1 | I43: 1125
A44: 25 | B44: 手工点橡筋中位 | C44: 21 | D44: 手工点橡筋中位*1（带着做） | E44: 手工 | F44: 2.6 | G44: 2.9 | H44: E1 | I44: 1241
A45: 37 | B45: 半成品开面腰直眼 | C45: 22 | D45: 半成品开面腰直眼*2（车台定位） | E45: 电脑单头平眼车 | F45: 10.7 | G45: 11.9 | H45: E4 | I45: 303
A46: 32 | B46: 平车拼接面腰后中缝 | C46: 23 | D46: 平车拼接面腰后中缝*1 | E46: 电脑平车 | F46: 10 | G46: 11.2 | H46: D4 | I46: 321
A47: 36 | B47: 平车开骨落橡筋包固腰头位 | C47: 24 | D47: 平车开骨落橡筋包固腰头位*2*1(针脚调稀） | E47: 电脑平车 | F47: 24.2 | G47: 26.8 | H47: C2 | I47: 134
A48: 38 | B48: 多针橡筋车上架冚腰头多线 | C48: 25 | D48: 多针橡筋车上架冚腰头多线*1 | E48: 多针橡筋车 | F48: 31 | G48: 35.3 | H48: C4 | I48: 102
A49: 29 | B49: 手工点腰头位 | C49: 26 | D49: 手工点腰头位*3(套起做） | E49: 手工 | F49: 6.2 | G49: 6.8 | H49: E1 | I49: 529
A50: 42 | B50: 拆腰头橡筋固定线 | C50: 27 | D50: 拆腰头橡筋固定线*2 | E50: 手工 | F50: 9.4 | G50: 10.3 | H50: E2 | I50: 350
B51: 3-口袋 | D51: 3-口袋
A52: 39 | B52: 平车运肶袋盖两边暗线 | C52: 28 | D52: 平车运肶袋盖两边暗线2*2（车台定位） | E52: 电脑平车 | F52: 23 | G52: 27.3 | H52: C1 | I52: 132
A53: 57 | B53: 手工翻两角袋盖（修一边止口） | C53: 29 | D53: 手工翻两角袋盖*2（修一边止口） | E53: 手工 | F53: 19.4 | G53: 21.4 | H53: E1 | I53: 168
A54: 17 | B54: 平车压肶袋盖三边明线 | C54: 30 | D54: 平车压肶袋盖三边明线*2(一片式袋盖） | E54: 电脑平车 | F54: 25.7 | G54: 29.3 | H54: C4 | I54: 123
A55: 18 | B55: 带线刀车车肶袋盖净样线 | C55: 31 | D55: 带线刀车车肶袋盖净样线*2（车台定位） | E55: 电脑单针切刀车 | F55: 14.2 | G55: 16 | H55: D4 | I55: 225
A56: 41 | B56: 实样折烫肶袋口连折烫三边风琴边、袋止口并画袋角省位2个*2 | C56: 32 | D56: 实样折烫三边风琴边、袋止口并画袋角省位2个*2 | E56: 中烫（气烫） | F56: 43.9 | G56: 49.4 | H56: D3 | I56: 73
A57: 44 | B57: 平车压侧袋口宽明线 | C57: 33 | D57: 平车还口车肶袋口宽明线*2 | E57: 电脑平车 | F57: 28.2 | G57: 31.7 | H57: C4 | I57: 114
A58: 45 | B58: 平车收肶袋角省位 | C58: 34 | D58: 平车收肶袋角省位2*2 | E58: 电脑平车 | F58: 24.1 | G58: 28.4 | H58: C4 | I58: 127
A59: 46 | B59: 三线转角锁侧袋布三边散口 | C59: 35 | D59: 三线转角锁侧袋布三边散口*2 | E59: 电脑三线锁边车 | F59: 30.1 | G59: 33.8 | H59: C1 | I59: 107
A60: 47 | B60: 平车跟烫痕压肶袋风琴边三边明线 | C60: 36 | D60: 平车跟烫痕压肶袋风琴边三边明线*2 | E60: 电脑平车 | F60: 47.9 | G60: 57.1 | H60: C4 | I60: 63
B61: 4-前片 | D61: 4-前片
A62: 48 | B62: 平车折订左手心袋布腰口橡筋挂耳连剪断 | C62: 37 | D62: 平车折订左手心袋布腰口橡筋挂耳连剪断*1（车台定位） | E62: 电脑平车 | F62: 9 | G62: 10 | H62: D2 | I62: 360
C63: 89 | D63: #手工实样画袋垫袋口位3处*2 | E63: 手工 | F63: 16.3 | G63: 18 | H63: E4 | I63: 200 | J63: 增加工序
A64: 49 | B64: 平车固定挂耳于前侧下脚位 | C64: 38 | D64: 平车固定挂耳于前侧下脚位*2（车台订位） | E64: 电脑平车 | F64: 17.9 | G64: 19.9 | H64: D2 | I64: 181
A65: 50 | B65: 平车落前袋口暗线连压暗边线 | C65: 69 | D65: #平车压前袋口暗边线*2 | E65: 电脑平车 | F65: 18.1 | G65: 20.6 | H65: C4 | I65: 175
A66: 78 | B66: 平车落前袋口暗线 | C66: 39 | D66: 平车落前袋口暗线*2 | E66: 电脑平车 | F66: 19.9 | G66: 22.4 | H66: C4 | I66: 161
A67: 51 | B67: 平车压前袋口明线 | C67: 40 | D67: 平车压前袋口明线*2 | E67: 电脑平车 | F67: 21.4 | G67: 26.2 | H67: C4 | I67: 137
A68: 52 | B68: 四线落底袋布合前袋布一周 | C68: 41 | D68: 四线落合前袋布一周*2 | E68: 电脑四线锁边车 | F68: 24.7 | G68: 27.8 | H68: C2 | I68: 129
A69: 53 | B69: #平车固定袋布于腰口及侧方连订前袋上端打枣位 | C69: 42 | D69: #平车落袋布固定袋布于腰口及侧方连订前袋上端打枣位*2 | E69: 电脑平车 | F69: 35.1 | G69: 42.4 | H69: C4 | I69: 85 | J69: 53工序分成80和81工序
A70: 80 | B70: 手工点前袋口上端打枣位*2 | C70: 95 | D70: 手工点前袋口上端打枣位*2 | E70: 手工 | F70: 9.9 | G70: 12.5 | H70: E1 | I70: 288
A71: 81 | B71: #平车落袋布固定袋布于腰口及侧方*2 | C71: 42 | D71: #平车落袋布固定袋布于腰口及侧方*2 | E71: 电脑平车 | F71: 30.9 | G71: 37.4 | H71: C4 | I71: 96
B72: 5-后片 | D72: 5-后片
A73: 54 | B73: 五线合后机头 | C73: 43 | D73: 五线合后机头*2 | E73: 电脑五线锁边车 | F73: 22.3 | G73: 25 | H73: C2 | I73: 144
A74: 55 | B74: 平车压后机头明线 | C74: 44 | D74: 平车压后机头明线*2 | E74: 电脑平车 | F74: 18.1 | G74: 20.6 | H74: C2 | I74: 175
A75: 56 | B75: 平车订洗标于左后侧缝 | C75: 45 | D75: 平车订洗标于左后侧缝*1（车台定位） | E75: 电脑平车 | F75: 7.4 | G75: 8.3 | H75: D4 | I75: 434
B76: 6-组合 | D76: 6-组合
A77: 27 | B77: 挂片 | C77: 46 | D77: 挂片/配片 | E77: 手工 | F77: 36 | G77: 39.8 | H77: E3 | I77: 90
A78: 79 | B78: 平车排肶袋口一段 | C78: 71 | D78: #平车排右肶骨一段*2 斜插袋 | E78: 电脑平车 | J78: 取消工序
A79: 77 | B79: 五线对位合侧缝 | C79: 47 | D79: 五线对位合侧缝*2 | E79: 电脑五线锁边车 | F79: 52.3 | G79: 61.7 | H79: C4 | I79: 58
A80: 58 | B80: 手工实样点肶袋及袋盖位 | C80: 48 | D80: 手工实样点肶袋及袋盖位6*2 | E80: 手工 | F80: 34.6 | G80: 38.2 | H80: D4 | I80: 94
A81: 59 | B81: 平车转角贴肶袋三边明线连转角重叠固定袋口两端*2 | C81: 49 | D81: 平车转角贴肶袋三边明线连转角重叠固定袋口两端*2 | E81: 电脑平车 | F81: 137.3 | G81: 167.2 | H81: B3 | I81: 22
A82: 60 | B82: 平车落肶袋盖连压袋盖线*2 | C82: 50 | D82: 平车落肶袋暗线*2（套起做） | E82: 电脑平车 | F82: 19.8 | G82: 24.1 | H82: B1 | I82: 149
A83: 75 | B83: 平车折压肶袋盖明 | C83: 70 | D83: 平车折压肶袋盖明线*2 | E83: 电脑平车 | F83: 31.8 | G83: 38.4 | H83: C4 | I83: 94
A84: 61 | B84: 中烫实样双折折烫脚口止口*2 | C84: 51 | D84: 中烫实样单折折烫脚口止口*2 | E84: 中烫（气烫） | F84: 25.7 | G84: 28.9 | H84: D3 | I84: 125
A85: 62 | B85: 实样点脚口直眼位 | C85: 52 | D85: 实样点脚口直眼位2*2（套起做） | E85: 手工 | F85: 12.5 | G85: 13.8 | H85: E2 | I85: 261
A86: 63 | B86: 半成品开脚口直眼2*2 | C86: 53 | D86: 半成品开脚口直眼2*2 | E86: 电脑单头平眼车 | F86: 21.6 | G86: 23.9 | H86: E4 | I86: 151
A87: 64 | B87: 五线合前浪*1 | C87: 54 | D87: 五线合前浪*1 | E87: 电脑五线锁边车 | F87: 14.4 | G87: 16.1 | H87: C3 | I87: 224
A88: 73 | B88: 平车合后浪后机头一段 | C88: 68 | D88: 平车合后浪后机头一段*1 | E88: 电脑平车 | F88: 11 | G88: 12.2 | H88: C4 | I88: 295
A89: 65 | B89: 五线对位合后浪*1 | C89: 55 | D89: 五线对位合后浪*1（后机头骨位已固定） | E89: 电脑五线锁边车 | F89: 12.2 | G89: 13.7 | H89: C4 | I89: 263
A90: 74 | B90: 平车合底浪骨位一段 | C90: 67 | D90: 平车合底浪骨位一段*1 | E90: 电脑平车 | F90: 12.5 | G90: 13.9 | H90: C4 | I90: 259
... A99: 120 | B99: 中查 | C99: 64 | D99: 检验 | E99: 组检成品 | F99: 46.3 | G99: 51.1 | H99: E4 | I99: 70
B100: 7-专机 | D100: 7-专机
A101: 35 | B101: 打前袋口、肶袋袋口、袋盖枣 | C101: 65 | D101: 打前袋口、肶袋袋口、袋盖枣、底浪暗枣*13 | E101: 电脑打枣车 | F101: 56.5 | G101: 62.4 | H101: E4 | I101: 58
A102: 90 | B102: 穿腰绳*1及比好长短 | C102: 66 | D102: 穿腰绳*1及比好长短 | E102: 手工 | F102: 33.9 | G102: 37.5 | H102: E1 | I102: 96
A103: 91 | B103: 手工穿脚口弹力橡筋绳 | C103: 90 | D103: 手工穿脚口弹力橡筋绳*2 | E103: 电脑平车 | F103: 34.4 | G103: 38 | H103: E1 | I103: 95
D104: 8-尾部
C105: 92 | D105: 水洗前分色分码捆绑 | E105: 手工 | F105: 6.7 | G105: 7.4 | H105: E1 | I105: 486
C106: 93 | D106: 水洗前发货（点数、装袋、装车、数据统计） | E106: 手工 | F106: 2.8 | G106: 3.1 | H106: E2 | I106: 1161
C107: 94 | D107: 水洗后回货（下车、点数、数据统计） | E107: 手工 | F107: 2.3 | G107: 2.6 | H107: E2 | I107: 1385
A108: 92 | B108: 修剪线毛 | C108: 91 | D108: 修剪线毛 | E108: 手工 | F108: 45.5 | G108: 50.3 | H108: E1 | I108: 72
...

Sheet Sheet1
A1: 小组 | B1: 款号 | C1: 床次 | D1: 颜色 | E1: 尺码 | F1: 员工编号 | G1: 员工名称 | H1: 工序序号 | I1: 工序 | J1: 数量 | K1: 生产时间 | L1: 工序 | M1: 求和项:数量
A2: 隆昌缝制八组 | B2: AAV10276 | C2: 2/820 | D2: 军绿色 | E2: M | F2: 100567086 | G2: 李德艳 | H2: 91 | I2: 拆脚口 | J2: 12 | K2: 45898 | L2: 拆脚口 | M2: 804
A3: 隆昌缝制八组 | B3: AAV10276 | C3: 2/820 | D3: 军绿色 | E3: M | F3: 100567091 | G3: 肖慈美 | H3: 91 | I3: 拆脚口 | J3: 7 | K3: 45898 | L3: 车脚口 | M3: 348
A4: 隆昌缝制一组 | B4: AAV10276 | C4: 3/820 | D4: 军绿色 | E4: 2XL | F4: 100566874 | G4: 李上容 | H4: 91 | I4: 拆脚口 | J4: 5 | K4: 45896 | L4: 总计 | M4: 1152
A5: 隆昌缝制八组 | B5: AAV10276 | C5: 3/820 | D5: 军绿色 | E5: M | F5: 100567011 | G5: 王自淑 | H5: 91 | I5: 拆脚口 | J5: 8 | K5: 45898
A6: 隆昌缝制一组 | B6: AAV10276 | C6: 8/900 | D6: 军绿色 | E6: XL | F6: 100566874 | G6: 李上容 | H6: 91 | I6: 拆脚口 | J6: 13 | K6: 45896
A7: 隆昌缝制九组 | B7: AAV10276 | C7: 3/820 | D7: 军绿色 | E7: L | F7: 100564052 | G7: 张兴宏 | H7: 91 | I7: 拆脚口 | J7: 9 | K7: 45898
A8: 隆昌缝制一组 | B8: AAV10276 | C8: 11/903 | D8: 军绿色 | E8: M | F8: 100566398 | G8: 卢光霞 | H8: 91 | I8: 拆脚口 | J8: 14 | K8: 45896
A9: 隆昌缝制一组 | B9: AAV10276 | C9: 6/901 | D9: 军绿色 | E9: XL | F9: 100566874 | G9: 李上容 | H9: 91 | I9: 拆脚口 | J9: 12 | K9: 45896
A10: 隆昌缝制二组 | B10: AAV10276 | C10: 2/820 | D10: 军绿色 | E10: XL | F10: 100567060 | G10: 杨蕙嘉 | H10: 91 | I10: 拆脚口 | J10: 12 | K10: 45896
A11: 隆昌缝制二组 | B11: AAV10276 | C11: 12/903 | D11: 军绿色 | E11: XL | F11: 100567060 | G11: 杨蕙嘉 | H11: 91 | I11: 拆脚口 | J11: 14 | K11: 45898
A12: 隆昌缝制四组 | B12: AAV10276 | C12: 14/902 | D12: 军绿色 | E12: XL | F12: 100565622 | G12: 梁绍坤 | H12: 91 | I12: 拆脚口 | J12: 14 | K12: 45896
A13: 隆昌缝制八组 | B13: AAV10276 | C13: 10/902 | D13: 军绿色 | E13: M | F13: 100567011 | G13: 王自淑 | H13: 91 | I13: 拆脚口 | J13: 7 | K13: 45898
A14: 隆昌缝制四组 | B14: AAV10276 | C14: 3/820 | D14: 军绿色 | E14: 2XL | F14: 100565622 | G14: 梁绍坤 | H14: 91 | I14: 拆脚口 | J14: 17 | K14: 45896
A15: 隆昌缝制二组 | B15: AAV10276 | C15: 8/900 | D15: 军绿色 | E15: XL | F15: 100567060 | G15: 杨蕙嘉 | H15: 91 | I15: 拆脚口 | J15: 23 | K15: 45896
A16: 隆昌缝制九组 | B16: AAV10276 | C16: 7/900 | D16: 军绿色 | E16: M | F16: 100564060 | G16: 吕麟英 | H16: 91 | I16: 拆脚口 | J16: 14 | K16: 45898
... A102: 隆昌缝制四组 | B102: AAV10276 | C102: 7/900 | D102: 军绿色 | E102: XL | F102: 100566371 | G102: 陈远惠 | H102: 92 | I102: 车脚口 | J102: 14 | K102: 45896
J103: =SUBTOTAL(9,J80:J96) -> 210
J113: =SUBTOTAL(9,J104:J112) -> 0

Sheet Sheet2
A1: 班组 | B1: 款号 | C1: 颜色 | D1: 尺码 | E1: 床次 | F1: 工序序号 | G1: 工序名称 | H1: 数量 | I1: 员工工号 | J1: 员工姓名 | K1: 日期 | L1: 工序名称 | M1: 求和项:数量
A2: 隆昌缝制五组 | B2: AAV10281 | C2: 正黑色 | D2: L | F2: 65 | G2: 五线对位合后浪*1 | H2: 88 | I2: 00116 | J2: 何贵香 | K2: 45908 | L2: #平车固定袋布于腰口及侧方连订前袋上端打枣位 | M2: 316
A3: 隆昌缝制五组 | B3: AAV10281 | C3: 正黑色 | D3: L | F3: 76 | G3: 手工翻裤子 | H3: 137 | I3: 00240 | J3: 曾星淑 | K3: 45908 | L3: 拆腰头橡筋固定线 | M3: 361
A4: 隆昌缝制五组 | B4: AAV10281 | C4: 正黑色 | D4: S | F4: 58 | G4: 手工实样点肶袋及袋盖位 | H4: 46 | I4: 0228 | J4: 李金玲 | K4: 45908 | L4: 打腰头后中枣*1 | M4: 1313
A5: 隆昌缝制五组 | B5: 15C0196-翻单 | C5: 黑色 | D5: 2XL | E5: 42/563 | F5: 91 | G5: 打腰头后中枣*1 | H5: 32 | I5: 100565524 | J5: 黄显菊 | K5: 45908 | L5: 带线刀车车肶袋盖净样线 | M5: 262
A6: 隆昌缝制五组 | B6: AAV10281 | C6: 军绿色 | D6: L | E6: 13 | F6: 57 | G6: 手工翻两角袋盖*2 | H6: 74 | I6: 100566560 | J6: 苏小林 | K6: 45908 | L6: 挂片 | M6: 291
A7: 隆昌缝制五组 | B7: 15C0196-翻单 | C7: 酒红 | D7: L | E7: 97/949 | F7: 30 | G7: 自动模板运侧袋盖暗线连激光止口*2 | H7: 416 | I7: 100566810 | J7: 赵素英 | K7: 45908 | L7: 平车包脚口绳车脚口宽线 | M7: 363
A8: 隆昌缝制五组 | B8: AAV10281 | C8: 正黑色 | D8: 2XL | F8: 52 | G8: 四线落底袋布合前袋布一周 | H8: 109 | I8: 1209 | J8: 曾本聪 | K8: 45908 | L8: 平车订后中尺码标*1 | M8: 361
A9: 隆昌缝制五组 | B9: AAV10281 | C9: 正黑色 | D9: XL | F9: 49 | G9: 平车固定挂耳于前侧下脚位 | H9: 1 | I9: 1789 | J9: 廖方萍 | K9: 45908 | L9: 平车订洗标于左后侧缝 | M9: 341
A10: 隆昌缝制五组 | B10: AAV10281 | C10: 正黑色 | D10: L | F10: 77 | G10: 五线对位合侧缝 | H10: 63 | I10: 2724 | J10: 张世勤 | K10: 45908 | L10: 平车跟烫痕压肶袋风琴边三边明线 | M10: 240
A11: 隆昌缝制五组 | B11: AAV10281 | C11: 正黑色 | D11: L | F11: 79 | G11: 平车排肶袋口一段 | H11: 7 | I11: 4494 | J11: 田秀蓉 | K11: 45908 | L11: 平车固定挂耳于前侧下脚位 | M11: 341
A12: 隆昌缝制五组 | B12: AAV10281 | C12: 正黑色 | D12: M | F12: 55 | G12: 平车压后机头明线 | H12: 3 | I12: 9189 | J12: 陈良 | K12: 45908 | L12: 平车合底浪骨位一段*1 | M12: 321
A13: 隆昌缝制五组 | B13: AAV10281 | C13: 正黑色 | D13: S | F13: 59 | G13: 平车转角贴肶袋三边明线连转角重叠固定袋口两端*2 | H13: 5 | I13: 9481 | J13: 聂富坤 | K13: 45908 | L13: 平车合后浪后机头一段*1 | M13: 346
A14: 隆昌缝制五组 | B14: AAV10281 | C14: 正黑色 | D14: M | F14: 65 | G14: 五线对位合后浪*1 | H14: 32 | I14: 00116 | J14: 何贵香 | K14: 45908 | L14: 平车开骨落橡筋包固腰头位*2 | M14: 588
A15: 隆昌缝制五组 | B15: AAV10281 | C15: 正黑色 | D15: S | F15: 18 | G15: 带线刀车车肶袋盖净样线 | H15: 109 | I15: 00137 | J15: 袁祖平 | K15: 45908 | L15: 平车落肶袋盖连压袋盖线*2 | M15: 325
A16: 隆昌缝制五组 | B16: AAV10281 | C16: 军绿色 | D16: L | E16: 13 | F16: 25 | G16: 手工点橡筋中位*1 | H16: 5 | I16: 100565074 | J16: 谢本习 | K16: 45908 | L16: 平车落前袋口暗线 | M16: 519
A17: 隆昌缝制五组 | B17: AAV10281 | C17: 军绿色 | D17: M | E17: 14 | F17: 36 | G17: 平车开骨落橡筋包固腰头位*2 | H17: 76 | I17: 100565074 | J17: 谢本习 | K17: 45908 | L17: 平车落前袋口暗线连压暗边线 | M17: 793
A18: 隆昌缝制五组 | B18: 15C0196-翻单 | C18: 黑色 | D18: S | E18: 66/871 | F18: 91 | G18: 打腰头后中枣*1 | H18: 18 | I18: 100565524 | J18: 黄显菊 | K18: 45908 | L18: 平车排肶袋口一段 | M18: 407
A19: 隆昌缝制五组 | B19: AAV10281 | C19: 军绿色 | D19: S | E19: 14 | F19: 45 | G19: 平车收肶袋角省位 | H19: 74 | I19: 100566960 | J19: 罗智忠 | K19: 45908 | L19: 平车上腰头暗线 | M19: 342
A20: 隆昌缝制五组 | B20: AAV10281 | C20: 正黑色 | D20: 2XL | F20: 75 | G20: 平车折压肶袋盖明线 | H20: 45 | I20: 2269 | J20: 胡小英 | K20: 45908 | L20: 平车收肶袋角省位 | M20: 240
A21: 隆昌缝制五组 | B21: AAV10281 | C21: 正黑色 | D21: L | F21: 42 | G21: 拆腰头橡筋固定线 | H21: 137 | I21: 00240 | J21: 曾星淑 | K21: 45908 | L21: 平车压后机头明线 | M21: 341
A22: 隆昌缝制五组 | B22: AAV10281 | C22: 正黑色 | D22: L | F22: 58 | G22: 手工实样点肶袋及袋盖位 | H22: 78 | I22: 021 | J22: 代云霞 | K22: 45908 | L22: 平车压肶袋盖三边明线 | M22: 286
A23: 隆昌缝制五组 | B23: AAV10281 | C23: 正黑色 | D23: 2XL | E23: 12 | F23: 36 | G23: 平车开骨落橡筋包固腰头位*2 | H23: 7 | I23: 100565074 | J23: 谢本习 | K23: 45908 | L23: 平车运肶袋盖两边暗线 | M23: 205
A24: 隆昌缝制五组 | B24: AAV10281 | C24: 正黑色 | D24: 2XL | E24: 11 | F24: 50 | G24: 平车落前袋口暗线连压暗边线 | H24: 104 | I24: 100565514 | J24: 曾星淑 | K24: 45908 | L24: 平车折订左手心袋布腰口橡筋挂耳连剪断 | M24: 316
A25: 隆昌缝制五组 | B25: 15C0196-翻单 | C25: 黑色 | D25: XL | E25: 42/563 | F25: 91 | G25: 打腰头后中枣*1 | H25: 52 | I25: 100565524 | J25: 黄显菊 | K25: 45908 | L25: 平车折压肶袋盖明线 | M25: 334
A26: 隆昌缝制五组 | B26: 15C0196-翻单 | C26: 黑色 | D26: XS | E26: 42/563 | F26: 91 | G26: 打腰头后中枣*1 | H26: 65 | I26: 100565524 | J26: 黄显菊 | K26: 45908 | L26: 平车转角贴肶袋三边明线连转角重叠固定袋口两端*2 | M26: 325
A27: 隆昌缝制五组 | B27: AAV10281 | C27: 军绿色 | D27: 2XL | E27: 14 | F27: 57 | G27: 手工翻两角袋盖*2 | H27: 43 | I27: 100566560 | J27: 苏小林 | K27: 45908 | L27: 三线转角锁侧袋布三边散口 | M27: 262
A28: 隆昌缝制五组 | B28: AAV10281 | C28: 军绿色 | D28: XL | E28: 14 | F28: 45 | G28: 平车收肶袋角省位 | H28: 60 | I28: 100566960 | J28: 罗智忠 | K28: 45908 | L28: 实样折烫肶袋口连折烫三边风琴边、袋止口并画袋角省位 | M28: 247
A29: 隆昌缝制五组 | B29: AAV10281 | C29: 正黑色 | D29: M | F29: 120 | G29: 中查 | H29: 126 | I29: 1393 | J29: 李明玉 | K29: 45908 | L29: 手工点橡筋中位*1 | M29: 588
A30: 隆昌缝制五组 | B30: AAV10281 | C30: 军绿色 | D30: L | F30: 48 | G30: 平车折订左手心袋布腰口橡筋挂耳连剪断 | H30: 23 | I30: 1789 | J30: 廖方萍 | K30: 45908 | L30: 手工点腰头位 | M30: 342
A31: 隆昌缝制五组 | B31: AAV10281 | C31: 正黑色 | D31: L | F31: 56 | G31: 平车订洗标于左后侧缝 | H31: 66 | I31: 1789 | J31: 廖方萍 | K31: 45908 | L31: 手工翻裤子 | M31: 361
A32: 隆昌缝制五组 | B32: AAV10281 | C32: 正黑色 | D32: L | F32: 55 | G32: 平车压后机头明线 | H32: 66 | I32: 1789 | J32: 廖方萍 | K32: 45908 | L32: 手工翻两角袋盖*2 | M32: 286
A33: 隆昌缝制五组 | B33: AAV10281 | C33: 正黑色 | D33: 2XL | F33: 48 | G33: 平车折订左手心袋布腰口橡筋挂耳连剪断 | H33: 45 | I33: 6921 | J33: 张兴英 | K33: 45908 | L33: 手工实样点肶袋及袋盖位 | M33: 439
A34: 隆昌缝制五组 | B34: AAV10281 | C34: 正黑色 | D34: XL | F34: 59 | G34: 平车转角贴肶袋三边明线连转角重叠固定袋口两端*2 | H34: 4 | I34: 7736 | J34: 黄芬 | K34: 45908 | L34: 四线落底袋布合前袋布一周 | M34: 345
A35: 隆昌缝制五组 | B35: AAV10281 | C35: 正黑色 | D35: S | F35: 73 | G35: 平车合后浪后机头一段*1 | H35: 14 | I35: 8528 | J35: 肖金花 | K35: 45908 | L35: 四线锁腰头散口一周 | M35: 342
A36: 隆昌缝制五组 | B36: AAV10281 | C36: 正黑色 | D36: L | F36: 79 | G36: 平车排肶袋口一段 | H36: 7 | I36: 8792 | J36: 叶礼芬 | K36: 45908 | L36: 五线对位合侧缝 | M36: 407
A37: 隆昌缝制五组 | B37: AAV10281 | C37: 正黑色 | D37: S | F37: 60 | G37: 平车落肶袋盖连压袋盖线*2 | H37: 7 | I37: 00133 | J37: 张文淑 | K37: 45908 | L37: 五线对位合底浪*1 | M37: 321
A38: 隆昌缝制五组 | B38: AAV10281 | C38: 正黑色 | D38: XL | F38: 69 | G38: 平车订后中尺码标*1 | H38: 67 | I38: 00240 | J38: 曾星淑 | K38: 45908 | L38: 五线对位合后浪*1 | M38: 321
A39: 隆昌缝制五组 | B39: AAV10281 | C39: 军绿色 | D39: M | E39: 14 | F39: 25 | G39: 手工点橡筋中位*1 | H39: 76 | I39: 100565074 | J39: 谢本习 | K39: 45908 | L39: 五线合前浪*1 | M39: 321
A40: 隆昌缝制五组 | B40: 15C0196-翻单 | C40: 黑色 | D40: XL | E40: 69/870 | F40: 91 | G40: 打腰头后中枣*1 | H40: 169 | I40: 100565524 | J40: 黄显菊 | K40: 45908 | L40: 中查 | M40: 333
A41: 隆昌缝制五组 | B41: AAV10281 | C41: 正黑色 | D41: 2XL | F41: 53 | G41: #平车固定袋布于腰口及侧方连订前袋上端打枣位 | H41: 21 | I41: 1789 | J41: 廖方萍 | K41: 45908 | L41: 中烫实样双折折烫脚口止口*2 | M41: 441
A42: 隆昌缝制五组 | B42: AAV10281 | C42: 正黑色 | D42: L | F42: 49 | G42: 平车固定挂耳于前侧下脚位 | H42: 66 | I42: 1789 | J42: 廖方萍 | K42: 45908 | L42: 自动模板运侧袋盖暗线连激光止口*2 | M42: 836
A43: 隆昌缝制五组 | B43: AAV10281 | C43: 正黑色 | D43: XL | F43: 74 | G43: 平车合底浪骨位一段*1 | H43: 17 | I43: 4494 | J43: 田秀蓉 | K43: 45908 | L43: 总计 | M43: 16069
A44: 隆昌缝制五组 | B44: AAV10281 | C44: 正黑色 | D44: S | F44: 48 | G44: 平车折订左手心袋布腰口橡筋挂耳连剪断 | H44: 36 | I44: 6921 | J44: 张兴英 | K44: 45908
A45: 隆昌缝制五组 | B45: AAV10281 | C45: 正黑色 | D45: S | F45: 49 | G45: 平车固定挂耳于前侧下脚位 | H45: 60 | I45: 9189 | J45: 陈良 | K45: 45908
A46: 隆昌缝制五组 | B46: AAV10281 | C46: 正黑色 | D46: L | F46: 79 | G46: 平车排肶袋口一段 | H46: 16 | I46: 00112 | J46: 黄其萍 | K46: 45908
A47: 隆昌缝制五组 | B47: AAV10281 | C47: 正黑色 | D47: M | F47: 59 | G47: 平车转角贴肶袋三边明线连转角重叠固定袋口两端*2 | H47: 5 | I47: 00133 | J47: 张文淑 | K47: 45908
A48: 隆昌缝制五组 | B48: AAV10281 | C48: 正黑色 | D48: M | F48: 58 | G48: 手工实样点肶袋及袋盖位 | H48: 34 | I48: 0228 | J48: 李金玲 | K48: 45908
A49: 隆昌缝制五组 | B49: AAV10281 | C49: 军绿色 | D49: XL | E49: 14 | F49: 41 | G49: 实样折烫肶袋口连折烫三边风琴边、袋止口并画袋角省位 | H49: 16 | I49: 100565416 | J49: 甘光菊 | K49: 45908
A50: 隆昌缝制五组 | B50: AAV10281 | C50: 正黑色 | D50: L | E50: 5 | F50: 50 | G50: 平车落前袋口暗线连压暗边线 | H50: 32 | I50: 100565514 | J50: 曾星淑 | K50: 45908
A51: 隆昌缝制五组 | B51: AAV10281 | C51: 正黑色 | D51: S | F51: 53 | G51: #平车固定袋布于腰口及侧方连订前袋上端打枣位 | H51: 34 | I51: 1789 | J51: 廖方萍 | K51: 45908
A52: 隆昌缝制五组 | B52: AAV10281 | C52: 正黑色 | D52: L | F52: 66 | G52: 五线对位合底浪*1 | H52: 1 | I52: 2724 | J52: 张世勤 | K52: 45908
A53: 隆昌缝制五组 | B53: AAV10281 | C53: 正黑色 | D53: M | F53: 61 | G53: 中烫实样双折折烫脚口止口*2 | H53: 39 | I53: 4808 | J53: 陈善春 | K53: 45908
A54: 隆昌缝制五组 | B54: AAV10281 | C54: 正黑色 | D54: 2XL | F54: 49 | G54: 平车固定挂耳于前侧下脚位 | H54: 51 | I54: 9189 | J54: 陈良 | K54: 45908
A55: 隆昌缝制五组 | B55: AAV10281 | C55: 正黑色 | D55: L | F55: 60 | G55: 平车落肶袋盖连压袋盖线*2 | H55: 18 | I55: 00133 | J55: 张文淑 | K55: 45908
A56: 隆昌缝制五组 | B56: AAV10281 | C56: 正黑色 | D56: M | F56: 69 | G56: 平车订后中尺码标*1 | H56: 87 | I56: 00240 | J56: 曾星淑 | K56: 45908
A57: 隆昌缝制五组 | B57: AAV10281 | C57: 正黑色 | D57: M | F57: 59 | G57: 平车转角贴肶袋三边明线连转角重叠固定袋口两端*2 | H57: 7 | I57: 3575 | J57: 陈渝莉 | K57: 45908
A58: 隆昌缝制五组 | B58: AAV10281 | C58: 正黑色 | D58: L | F58: 58 | G58: 手工实样点肶袋及袋盖位 | H58: 2 | I58: 4776 | J58: 梁景银 | K58: 45908
A59: 隆昌缝制五组 | B59: AAV10281 | C59: 正黑色 | D59: L | F59: 61 | G59: 中烫实样双折折烫脚口止口*2 | H59: 69 | I59: 4808 | J59: 陈善春 | K59: 45908
A60: 隆昌缝制五组 | B60: AAV10281 | C60: 正黑色 | D60: S | F60: 77 | G60: 五线对位合侧缝 | H60: 25 | I60: 6099 | J60: 黄永梅 | K60: 45908
A61: 隆昌缝制五组 | B61: AAV10281 | C61: 正黑色 | D61: M | F61: 48 | G61: 平车折订左手心袋布腰口橡筋挂耳连剪断 | H61: 2 | I61: 6872 | J61: 冯俊聪 | K61: 45908
A62: 隆昌缝制五组 | B62: AAV10281 | C62: 正黑色 | D62: XL | F62: 67 | G62: 平车上腰头暗线 | H62: 27 | I62: 8792 | J62: 叶礼芬 | K62: 45908
A63: 隆昌缝制五组 | B63: AAV10281 | C63: 正黑色 | D63: XL | F63: 29 | G63: 手工点腰头位 | H63: 27 | I63: 8792 | J63: 叶礼芬 | K63: 45908
A64: 隆昌缝制五组 | B64: AAV10281 | C64: 正黑色 | D64: S | F64: 56 | G64: 平车订洗标于左后侧缝 | H64: 60 | I64: 9189 | J64: 陈良 | K64: 45908
A65: 隆昌缝制五组 | B65: AAV10281 | C65: 正黑色 | D65: XL | F65: 49 | G65: 平车固定挂耳于前侧下脚位 | H65: 2 | I65: 9189 | J65: 陈良 | K65: 45908
A66: 隆昌缝制五组 | B66: AAV10281 | C66: 正黑色 | D66: L | F66: 59 | G66: 平车转角贴肶袋三边明线连转角重叠固定袋口两端*2 | H66: 35 | I66: 9481 | J66: 聂富坤 | K66: 45908
A67: 隆昌缝制五组 | B67: AAV10281 | C67: 正黑色 | D67: 2XL | F67: 74 | G67: 平车合底浪骨位一段*1 | H67: 50 | I67: 00116 | J67: 何贵香 | K67: 45908
A68: 隆昌缝制五组 | B68: AAV10281 | C68: 正黑色 | D68: 2XL | F68: 27 | G68: 挂片 | H68: 96 | I68: 00174 | J68: 王美琼 | K68: 45908
A69: 隆昌缝制五组 | B69: AAV10281 | C69: 正黑色 | D69: S | F69: 27 | G69: 挂片 | H69: 111 | I69: 00174 | J69: 王美琼 | K69: 45908
A70: 隆昌缝制五组 | B70: AAV10281 | C70: 军绿色 | D70: L | E70: 14 | F70: 39 | G70: 平车运肶袋盖两边暗线 | H70: 102 | I70: 100566810 | J70: 赵素英 | K70: 45908
A71: 隆昌缝制五组 | B71: AAV10281 | C71: 正黑色 | D71: L | F71: 79 | G71: 平车排肶袋口一段 | H71: 5 | I71: 1209 | J71: 曾本聪 | K71: 45908
A72: 隆昌缝制五组 | B72: AAV10281 | C72: 正黑色 | D72: 2XL | F72: 59 | G72: 平车转角贴肶袋三边明线连转角重叠固定袋口两端*2 | H72: 10 | I72: 3575 | J72: 陈渝莉 | K72: 45908
A73: 隆昌缝制五组 | B73: AAV10281 | C73: 正黑色 | D73: M | F73: 61 | G73: 中烫实样双折折烫脚口止口*2 | H73: 31 | I73: 4776 | J73: 梁景银 | K73: 45908
A74: 隆昌缝制五组 | B74: AAV10281 | C74: 正黑色 | D74: M | F74: 59 | G74: 平车转角贴肶袋三边明线连转角重叠固定袋口两端*2 | H74: 6 | I74: 7736 | J74: 黄芬 | K74: 45908
A75: 隆昌缝制五组 | B75: AAV10281 | C75: 正黑色 | D75: 2XL | F75: 68 | G75: 四线锁腰头散口一周 | H75: 39 | I75: 8792 | J75: 叶礼芬 | K75: 45908
A76: 隆昌缝制五组 | B76: AAV10281 | C76: 正黑色 | D76: XL | F76: 68 | G76: 四线锁腰头散口一周 | H76: 27 | I76: 8792 | J76: 叶礼芬 | K76: 45908
A77: 隆昌缝制五组 | B77: AAV10281 | C77: 正黑色 | D77: 2XL | F77: 55 | G77: 平车压后机头明线 | H77: 51 | I77: 9189 | J77: 陈良 | K77: 45908
A78: 隆昌缝制五组 | B78: AAV10281 | C78: 正黑色 | D78: L | F78: 49 | G78: 平车固定挂耳于前侧下脚位 | H78: 48 | I78: 9189 | J78: 陈良 | K78: 45908
A79: 隆昌缝制五组 | B79: AAV10281 | C79: 正黑色 | D79: M | F79: 59 | G79: 平车转角贴肶袋三边明线连转角重叠固定袋口两端*2 | H79: 10 | I79: 0002 | J79: 关永平 | K79: 45908
A80: 隆昌缝制五组 | B80: AAV10281 | C80: 正黑色 | D80: 2XL | F80: 65 | G80: 五线对位合后浪*1 | H80: 50 | I80: 00116 | J80: 何贵香 | K80: 45908
A81: 隆昌缝制五组 | B81: AAV10281 | C81: 正黑色 | D81: S | F81: 74 | G81: 平车合底浪骨位一段*1 | H81: 6 | I81: 00116 | J81: 何贵香 | K81: 45908
A82: 隆昌缝制五组 | B82: AAV10281 | C82: 正黑色 | D82: S | F82: 64 | G82: 五线合前浪*1 | H82: 6 | I82: 00116 | J82: 何贵香 | K82: 45908
A83: 隆昌缝制五组 | B83: AAV10281 | C83: 正黑色 | D83: XL | F83: 60 | G83: 平车落肶袋盖连压袋盖线*2 | H83: 5 | I83: 00133 | J83: 张文淑 | K83: 45908
A84: 隆昌缝制五组 | B84: AAV10281 | C84: 正黑色 | D84: XL | F84: 58 | G84: 手工实样点肶袋及袋盖位 | H84: 4 | I84: 021 | J84: 代云霞 | K84: 45908
A85: 隆昌缝制五组 | B85: AAV10281 | C85: 军绿色 | D85: S | E85: 15 | F85: 50 | G85: 平车落前袋口暗线连压暗边线 | H85: 103 | I85: 100563997 | J85: 廖运辉 | K85: 45908
A86: 隆昌缝制五组 | B86: AAV10281 | C86: 军绿色 | D86: L | E86: 13 | F86: 36 | G86: 平车开骨落橡筋包固腰头位*2 | H86: 5 | I86: 100565074 | J86: 谢本习 | K86: 45908
A87: 隆昌缝制五组 | B87: AAV10281 | C87: 军绿色 | D87: L | E87: 13 | F87: 45 | G87: 平车收肶袋角省位 | H87: 54 | I87: 100566960 | J87: 罗智忠 | K87: 45908
A88: 隆昌缝制五组 | B88: AAV10281 | C88: 正黑色 | D88: 2XL | F88: 66 | G88: 五线对位合底浪*1 | H88: 50 | I88: 00116 | J88: 何贵香 | K88: 45908
A89: 隆昌缝制五组 | B89: AAV10281 | C89: 正黑色 | D89: XL | F89: 59 | G89: 平车转角贴肶袋三边明线连转角重叠固定袋口两端*2 | H89: 5 | I89: 00133 | J89: 张文淑 | K89: 45908
A90: 隆昌缝制五组 | B90: AAV10281 | C90: 军绿色 | D90: L | E90: 10 | F90: 41 | G90: 实样折烫肶袋口连折烫三边风琴边、袋止口并画袋角省位 | H90: 50 | I90: 100565416 | J90: 甘光菊 | K90: 45908
A91: 隆昌缝制五组 | B91: 15C0196-翻单 | C91: 黑色 | D91: 2XL | E91: 56/013 | F91: 91 | G91: 打腰头后中枣*1 | H91: 8 | I91: 100565524 | J91: 黄显菊 | K91: 45908
A92: 隆昌缝制五组 | B92: AAV10281 | C92: 军绿色 | D92: L | E92: 13 | F92: 78 | G92: 平车落前袋口暗线 | H92: 103 | I92: 100566038 | J92: 郑润先 | K92: 45908
A93: 隆昌缝制五组 | B93: AAV10281 | C93: 正黑色 | D93: 2XL | F93: 77 | G93: 五线对位合侧缝 | H93: 77 | I93: 2724 | J93: 张世勤 | K93: 45908
A94: 隆昌缝制五组 | B94: AAV10281 | C94: 正黑色 | D94: S | F94: 61 | G94: 中烫实样双折折烫脚口止口*2 | H94: 76 | I94: 4808 | J94: 陈善春 | K94: 45908
A95: 隆昌缝制五组 | B95: 15C0196-翻单 | C95: 黑色 | D95: M | E95: 42/563 | F95: 91 | G95: 打腰头后中枣*1 | H95: 170 | I95: 100565524 | J95: 黄显菊 | K95: 45908
A96: 隆昌缝制五组 | B96: AAV10281 | C96: 军绿色 | D96: XL | E96: 13 | F96: 47 | G96: 平车跟烫痕压肶袋风琴边三边明线 | H96: 16 | I96: 100566960 | J96: 罗智忠 | K96: 45908
A97: 隆昌缝制五组 | B97: AAV10281 | C97: 正黑色 | D97: L | F97: 120 | G97: 中查 | H97: 99 | I97: 1393 | J97: 李明玉 | K97: 45908
A98: 隆昌缝制五组 | B98: AAV10281 | C98: 正黑色 | D98: 2XL | F98: 48 | G98: 平车折订左手心袋布腰口橡筋挂耳连剪断 | H98: 21 | I98: 1789 | J98: 廖方萍 | K98: 45908
A99: 隆昌缝制五组 | B99: AAV10281 | C99: 正黑色 | D99: L | F99: 66 | G99: 五线对位合底浪*1 | H99: 52 | I99: 4494 | J99: 田秀蓉 | K99: 45908
A100: 隆昌缝制五组 | B100: AAV10281 | C100: 正黑色 | D100: XL | F100: 61 | G100: 中烫实样双折折烫脚口止口*2 | H100: 18 | I100: 4776 | J100: 梁景银 | K100: 45908
...

Sheet Sheet3
A1: 工序序号 | B1: 求和项:数量
A2: 17 | B2: 286 | C2: =VLOOKUP(A2,'AAV10281'!A:G,7,0) -> 29.3
A3: 18 | B3: 262 | C3: =VLOOKUP(A3,'AAV10281'!A:G,7,0) -> 16
A4: 25 | B4: 588 | C4: =VLOOKUP(A4,'AAV10281'!A:G,7,0) -> 2.9
A5: 27 | B5: 291 | C5: =VLOOKUP(A5,'AAV10281'!A:G,7,0) -> 39.8
A6: 29 | B6: 342 | C6: =VLOOKUP(A6,'AAV10281'!A:G,7,0) -> 6.8
A7: 30 | B7: 836 | C7: =VLOOKUP(A7,'AAV10281'!A:G,7,0) -> #N/A
A8: 36 | B8: 588 | C8: =VLOOKUP(A8,'AAV10281'!A:G,7,0) -> 26.8
A9: 39 | B9: 205 | C9: =VLOOKUP(A9,'AAV10281'!A:G,7,0) -> 27.3
A10: 41 | B10: 247 | C10: =VLOOKUP(A10,'AAV10281'!A:G,7,0) -> 49.4
A11: 42 | B11: 361 | C11: =VLOOKUP(A11,'AAV10281'!A:G,7,0) -> 10.3
A12: 45 | B12: 240 | C12: =VLOOKUP(A12,'AAV10281'!A:G,7,0) -> 28.4
A13: 46 | B13: 262 | C13: =VLOOKUP(A13,'AAV10281'!A:G,7,0) -> 33.8
... A42: 120 | B42: 333 | C42: =VLOOKUP(A42,'AAV10281'!A:G,7,0) -> 51.1
